<SampleInfo>
  <Field>
    <Name>Sample ID</Name>
    <DisplayName>Sample ID</DisplayName>
    <Value>
    </Value>
    <DataType>8</DataType>
    <Units />
    <FieldType>SYSTEM</FieldType>
  </Field>
  <Field>
    <Name>Sample Name</Name>
    <DisplayName>Sample Name</DisplayName>
    <Value>substance P</Value>
    <DataType>8</DataType>
    <Units />
    <FieldType>SYSTEM</FieldType>
  </Field>
  <Field>
    <Name>Rack Code</Name>
    <DisplayName>Rack Code</DisplayName>
    <Value>
    </Value>
    <DataType>8</DataType>
    <Units />
    <FieldType>SYSTEM</FieldType>
  </Field>
  <Field>
    <Name>Rack Position</Name>
    <DisplayName>Rack Position</DisplayName>
    <Value>
    </Value>
    <DataType>8</DataType>
    <Units />
    <FieldType>SYSTEM</FieldType>
  </Field>
  <Field>
    <Name>Plate Code</Name>
    <DisplayName>Plate Code</DisplayName>
    <Value>PlateOrVial</Value>
    <DataType>8</DataType>
    <Units />
    <FieldType>SYSTEM</FieldType>
  </Field>
  <Field>
    <Name>Plate Position</Name>
    <DisplayName>Plate Position</DisplayName>
    <Value>
    </Value>
    <DataType>8</DataType>
    <Units />
    <FieldType>SYSTEM</FieldType>
  </Field>
  <Field>
    <Name>Sample Position</Name>
    <DisplayName>Sample Position</DisplayName>
    <Value>
    </Value>
    <DataType>8</DataType>
    <Units />
    <FieldType>SYSTEM</FieldType>
  </Field>
  <Field>
    <Name>Method</Name>
    <DisplayName>Method</DisplayName>
    <Value>D:\MassHunter\methods\Infusion.m</Value>
    <DataType>8</DataType>
    <Units />
    <FieldType>SYSTEM</FieldType>
  </Field>
  <Field>
    <Name>Override DA Method</Name>
    <DisplayName>Override DA Method</DisplayName>
    <Value>
    </Value>
    <DataType>8</DataType>
    <Units />
    <FieldType>SYSTEM</FieldType>
  </Field>
  <Field>
    <Name>Data File</Name>
    <DisplayName>Data File</DisplayName>
    <Value>D:\MassHunter\Data\Craig\2012-08-29\001-SubstanceP-MS1-MS2.d</Value>
    <DataType>8</DataType>
    <Units />
    <FieldType>SYSTEM</FieldType>
  </Field>
  <Field>
    <Name>Sample Type</Name>
    <DisplayName>Sample Type</DisplayName>
    <Value>Sample</Value>
    <DataType>8</DataType>
    <Units />
    <FieldType>SYSTEM</FieldType>
  </Field>
  <Field>
    <Name>Method Type</Name>
    <DisplayName>Method Type</DisplayName>
    <Value>Acquisition Only</Value>
    <DataType>8</DataType>
    <Units />
    <FieldType>SYSTEM</FieldType>
  </Field>
  <Field>
    <Name>Balance Override</Name>
    <DisplayName>Balance Override</DisplayName>
    <Value>No Override</Value>
    <DataType>8</DataType>
    <Units />
    <FieldType>SYSTEM</FieldType>
  </Field>
  <Field>
    <Name>Inj Vol (µl)</Name>
    <DisplayName>Inj Vol (µl)</DisplayName>
    <Value>5</Value>
    <DataType>8</DataType>
    <Units />
    <FieldType>SYSTEM</FieldType>
  </Field>
  <Field>
    <Name>Equilib Time (min)</Name>
    <DisplayName>Equilib Time (min)</DisplayName>
    <Value>0</Value>
    <DataType>8</DataType>
    <Units />
    <FieldType>SYSTEM</FieldType>
  </Field>
  <Field>
    <Name>Dilution</Name>
    <DisplayName>Dilution</DisplayName>
    <Value>1</Value>
    <DataType>8</DataType>
    <Units />
    <FieldType>SYSTEM</FieldType>
  </Field>
  <Field>
    <Name>Wt/Vol</Name>
    <DisplayName>Wt/Vol</DisplayName>
    <Value>0</Value>
    <DataType>8</DataType>
    <Units />
    <FieldType>SYSTEM</FieldType>
  </Field>
  <Field>
    <Name>Comment</Name>
    <DisplayName>Comment</DisplayName>
    <Value>
    </Value>
    <DataType>8</DataType>
    <Units />
    <FieldType>SYSTEM</FieldType>
  </Field>
  <Field>
    <Name>Barcode</Name>
    <DisplayName>Barcode</DisplayName>
    <Value>
    </Value>
    <DataType>8</DataType>
    <Units />
    <FieldType>SYSTEM</FieldType>
  </Field>
  <Field>
    <Name>OperatorName</Name>
    <DisplayName>Operator Name</DisplayName>
    <Value>QTOF1A\Administrator</Value>
    <DataType>8</DataType>
    <Units>
    </Units>
    <FieldType>SYSTEM</FieldType>
  </Field>
  <Field>
    <Name>InstrumentName</Name>
    <DisplayName>Instrument Name</DisplayName>
    <Value>Instrument 1</Value>
    <DataType>8</DataType>
    <Units>
    </Units>
    <FieldType>SYSTEM</FieldType>
  </Field>
  <Field>
    <Name>AcqTime</Name>
    <DisplayName>Acquisition Time</DisplayName>
    <Value>2012-08-29T20:19:48Z</Value>
    <DataType>8</DataType>
    <Units>
    </Units>
    <FieldType>SYSTEM</FieldType>
  </Field>
  <Field>
    <Name>SampleLockedRunMode</Name>
    <DisplayName>Locked Run</DisplayName>
    <Value>0</Value>
    <DataType>8</DataType>
    <Units>
    </Units>
    <FieldType>SYSTEM</FieldType>
  </Field>
  <Field>
    <Name>RunCompletedFlag</Name>
    <DisplayName>Run Completed</DisplayName>
    <Value>-1</Value>
    <DataType>8</DataType>
    <Units>
    </Units>
    <FieldType>SYSTEM</FieldType>
  </Field>
</SampleInfo>